Name,Email,Phone,City,Country
Deborah Griffith,balljoseph@wright-keith.net,1234567891,South Craigfort,Denmark
Crystal Clements,kimberlybennett@curtis.com,1234567892,East Derekberg,Nicaragua
Susan Fuller,beanmichael@burnett-stewart.net,1234567893,Austinbury,Equatorial Guinea
Jamie Ramirez,amandahood@warren.com,1234567894,Dianamouth,Slovenia
Marcus Murphy,connerjohn@yahoo.com,1234567895,Smithbury,Guinea-Bissau
Stephen Vasquez,ricemiguel@yahoo.com,1234567896,Hamiltonstad,Rwanda
Susan Hicks,jeffrey91@yahoo.com,1234567897,East Rebecca,Montenegro
Matthew Johnson,austinkenneth@manning.net,1234567898,Kirstenborough,Israel
Matthew Williams,jeffrey41@diaz.com,1234567899,Rebeccafurt,Somalia
Ronald Osborn,staciekelley@heath.com,1234567900,Lake Benjamin,Cameroon
Thomas Garcia,rmiller@gmail.com,1234567901,West Monicabury,Argentina
Jennifer Murray,wilsonbrittany@hotmail.com,1234567902,South Ashleychester,Zimbabwe
Kristine Kim,sarahwilliams@hotmail.com,1234567903,Lake Robert,Nigeria
John Wood,johnsonalexander@gmail.com,1234567904,Richardsonville,New Caledonia
Vanessa Gaines,tbullock@gmail.com,1234567905,Rodriguezmouth,Wallis and Futuna
Stacey Flores,jackjackson@hotmail.com,1234567906,East Michaelfurt,Saint Helena
Christine Maldonado,ztaylor@yahoo.com,1234567907,Smithborough,Chile
David Watson,laurenlawson@alvarez-mcfarland.com,1234567908,New Josephtown,Equatorial Guinea
Marc Nash,joshua59@gmail.com,1234567909,Davidton,French Guiana
Robert Salas,schultzjohn@thomas.com,1234567910,Schultzchester,Denmark
Edgar Frost,maria51@gmail.com,1234567911,Jonathanhaven,Saudi Arabia
Stacey Adams,fjohnson@gmail.com,1234567912,Clintonmouth,Iceland
Hannah Drake,sandersallen@hotmail.com,1234567913,Deannabury,Faroe Islands
Christina Mitchell,justin67@yahoo.com,1234567914,Bridgestown,Trinidad and Tobago
James Martin,reynoldstyrone@wiggins.com,1234567915,North James,Yemen
Dylan Bell,isaac43@gmail.com,1234567916,North Aaron,Guam
Debbie Sampson,collin21@hotmail.com,1234567917,Christopherburgh,Bahamas
William Burns,valeriemack@gmail.com,1234567918,South Kristyville,Netherlands
John Maxwell,martinsamantha@martin.net,1234567919,Nolanstad,Cuba
Dylan Garcia,oanderson@yahoo.com,1234567920,Hallfort,Turkey
Amanda Morton,lolsen@jones.com,1234567921,Marktown,Antigua and Barbuda
Jeffrey Shannon,nmcmillan@smith.com,1234567922,New Carlosbury,Malta
Kristin Hall,michele78@yahoo.com,1234567923,Underwoodfurt,Cuba
Ryan Love,joseph37@gmail.com,1234567924,Leestad,Anguilla
Daniel Gonzalez,nday@combs.com,1234567925,Hoovermouth,Fiji
Benjamin Wallace,alexander26@hotmail.com,1234567926,Schroederton,Botswana
Ryan Lara,benjamin38@thompson-adams.net,1234567927,Port Jameschester,Chad
Nicholas Harris,christine93@perkins.com,1234567928,Davistown,Canada
Tonya Arnold,aprice@hotmail.com,1234567929,Nelsonmouth,Japan
Beth Gomez,wjackson@bowen.com,1234567930,Hollyhaven,Myanmar
Samuel Daniels,andrew07@gmail.com,1234567931,Codyton,Benin
Susan Wilson,ohood@yahoo.com,1234567932,Jeffreystad,Niger
Steven Stone,jill61@herrera.org,1234567933,Ashleytown,Maldives
Alexis Gallegos,craig42@smith-carroll.com,1234567934,Conniefort,Lesotho
Jennifer Fowler,whitemargaret@blackwell.info,1234567935,Carlsonfort,Ireland
Travis Wells,stacywilson@hotmail.com,1234567936,New David,Moldova
Debra Park,dawnmyers@munoz-ayala.com,1234567937,Phillipsmouth,Isle of Man
Paula Harris,lisa63@barber.org,1234567938,Reginaside,Saint Kitts and Nevis
Anne Dean,katrinaedwards@anderson.org,1234567939,Jonathanberg,Heard Island and McDonald Islands
Kimberly Thomas,omoore@garcia.com,1234567940,New Ruben,Tajikistan
Cynthia Walker,huertarobert@gmail.com,1234567941,Lake Robertfort,Yemen
Ian Lopez,larry64@gmail.com,1234567942,North Ashleyside,Guyana
Sandra Coleman,emerritt@yahoo.com,1234567943,Lake Karenmouth,Netherlands Antilles
Rachel Jones,bmedina@hotmail.com,1234567944,Brendafurt,Central African Republic
Michelle Stevens,janicethompson@jones-arnold.com,1234567945,Wagnerfurt,Romania
Dr. Susan Nichols,hernandezchelsea@thompson.com,1234567946,East Lisaberg,Netherlands Antilles
Nicolas Joseph,debra75@gmail.com,1234567947,Lindaburgh,Congo
Michael Young,anthony39@gmail.com,1234567948,Lake Tannerton,United Arab Emirates
Andrew Collins,msanchez@king.net,1234567949,West Sheri,Guatemala
Steven Matthews,timothy98@durham.info,1234567950,Lake Sharonville,Senegal
Lindsay Reynolds,cynthia58@robinson.biz,1234567951,Port Manuelfurt,Belgium
Paul Heath,pamelamartin@yahoo.com,1234567952,East Shannonview,Isle of Man
Manuel Lewis,alicia70@hotmail.com,1234567953,Brendatown,Heard Island and McDonald Islands
Jennifer Clark,michael13@cantu-hawkins.com,1234567954,Jamesville,British Indian Ocean Territory (Chagos Archipelago)
Laura Wiggins,christopherhughes@gmail.com,1234567955,Sherryport,Tokelau
Molly Diaz,rwhite@gmail.com,1234567956,Brandonside,Seychelles
Denise Chapman,andrew13@pacheco-hughes.com,1234567957,Garcialand,Cote d'Ivoire
Kimberly Smith,imiller@gmail.com,1234567958,East Raymond,Indonesia
Gary Kaiser,linda39@yahoo.com,1234567959,South David,Saint Kitts and Nevis
Laura Duarte,jimenezchristine@dickson.com,1234567960,West Kimberlyhaven,Finland
Mrs. Natalie Hopkins DDS,douglasmccarthy@woodward-gallagher.com,1234567961,West Sarah,United States Virgin Islands
Ms. Nicole Lee,mary21@henry-maynard.com,1234567962,West Ethan,Saint Barthelemy
Peter Krueger,vwelch@yahoo.com,1234567963,New Lawrenceton,Zimbabwe
Bryan Moore,brendawong@juarez-camacho.biz,1234567964,Blackchester,Norfolk Island
Carla Webb,jennifer35@mann.biz,1234567965,Jasonmouth,Gabon
Kim Wang,jonesdylan@gmail.com,1234567966,Janicemouth,Turkey
Jason Villegas,thomas00@stewart.com,1234567967,Fieldsland,Senegal
Dr. Laurie Trevino,ryanbuchanan@hotmail.com,1234567968,Amberton,Saint Barthelemy
Daniel Brown,walkerrichard@young-grimes.com,1234567969,Villarrealland,Pakistan
Joy Fisher,kentchristian@gmail.com,1234567970,West Rogerview,Tuvalu
Matthew Hall,patrick24@hotmail.com,1234567971,Lake Zachary,Suriname
Shaun Fernandez,greenmichael@hotmail.com,1234567972,Wrightburgh,Malaysia
Aaron Clark,jessica98@hotmail.com,1234567973,Thomashaven,Fiji
Gary Blair,leonardtaylor@bowers.net,1234567974,Lake Paul,Armenia
Sheila Coleman,cmyers@cooper-davies.com,1234567975,South Connie,Bangladesh
Molly Robinson,rebeccataylor@mcbride.info,1234567976,South Kathleen,Cuba
Nathan Robbins,jenniferrodgers@garrison-baker.com,1234567977,East Tylertown,Bolivia
Gregory Joseph,kimangela@yahoo.com,1234567978,Fletcherview,Algeria
Erik Wang,gparks@yahoo.com,1234567979,New Desireebury,United Kingdom
Matthew Meyer,moorebrittany@yahoo.com,1234567980,West Christopher,Benin
Breanna Gonzalez,usimon@wright.com,1234567981,Andrewberg,Sierra Leone
Heather Hamilton,kathy50@hotmail.com,1234567982,Davidshire,Croatia
Jacob Cox,frank29@yahoo.com,1234567983,Robertburgh,San Marino
Mr. David Cox,millermichael@gmail.com,1234567984,West Anthony,New Zealand
Laura Fox,samanthaking@hogan.org,1234567985,New Theresa,Guadeloupe
Levi Pierce,bayers@gmail.com,1234567986,Dayburgh,Bouvet Island (Bouvetoya)
Daniel Sanford,amanda13@yahoo.com,1234567987,Lake Stevenhaven,French Southern Territories
Robert Blair,anicholson@gregory.com,1234567988,Josephfurt,United States Virgin Islands
Timothy Lane,janet99@davis.net,1234567989,South Heather,Turkey
Karla Guerrero,wsimpson@yahoo.com,1234567990,Dustinview,Argentina
Brooke Kline,shirleythomas@allen-skinner.net,1234567991,New James,Georgia
Christopher Williams,ufigueroa@hotmail.com,1234567992,Cherylport,Macedonia
Ashley Castro,watsonmolly@yahoo.com,1234567993,Leeport,Swaziland
Anthony Ortiz,amartinez@gmail.com,1234567994,Michaelfort,Nicaragua
Billy Ochoa,mstrong@yahoo.com,1234567995,Samanthaburgh,Andorra
Deborah Weber,kimberly54@yahoo.com,1234567996,North Dana,Equatorial Guinea
Amy Hunt,emilybecker@perkins.com,1234567997,Ericborough,Aruba
Brian Thompson,resparza@hotmail.com,1234567998,Banksshire,Tokelau
Jacob Kelley,qbarber@shelton.org,1234567999,Ravenberg,Macao
Rachel Phillips,jgutierrez@gmail.com,1234568000,Chelseachester,Serbia
Danielle Parsons,millerdaniel@hotmail.com,1234568001,Port Jessica,Brunei Darussalam
Andrew Wilson,johnny54@gmail.com,1234568002,North Nicholasmouth,Guinea-Bissau
Amy Peterson,frazierapril@hotmail.com,1234568003,Wellstown,Niger
Austin Baxter,chavezpaula@gmail.com,1234568004,Bellfurt,Uganda
Jacob Fernandez,adamsmith@mckay-ward.com,1234568005,East Lisashire,Micronesia
Joshua Rodriguez,melissa54@gmail.com,1234568006,Charleston,Palestinian Territory
Molly Murphy,jamesswanson@williams-smith.info,1234568007,Sawyerchester,Korea
Cynthia Stephens,nichole06@obrien-smith.com,1234568008,North Brian,Puerto Rico
Alyssa Cuevas,hholland@gmail.com,1234568009,Lake Victormouth,Serbia
Rita Wallace,catherinehayes@hotmail.com,1234568010,Lake Eric,Zimbabwe
Ashley Hernandez,wfrey@sosa.info,1234568011,Jenniferfurt,Japan
Colleen Navarro,darlenelawson@chan.com,1234568012,Russellshire,Belarus
Renee Clay,bellison@yahoo.com,1234568013,Bowmanport,Moldova
Mark Wilson,vaughansarah@gutierrez-patton.com,1234568014,North Juan,Antigua and Barbuda
Rebecca Perez,udavis@patton.com,1234568015,Michelleview,Sri Lanka
Bonnie Mcdonald,david81@shelton.com,1234568016,South Dianafurt,Myanmar
Joseph Mcmahon,sharon15@stone.com,1234568017,Lake Mary,Reunion
Lori Diaz,wellsmichael@baker.info,1234568018,Mallorymouth,Eritrea
Carolyn Perez,singhsarah@gmail.com,1234568019,Adkinsview,Macedonia
Michael Dodson,janice97@hotmail.com,1234568020,Courtneymouth,Grenada
Peter Smith,wmorales@miller.com,1234568021,North Carolyn,Jersey
Angela Maynard,millerjason@yahoo.com,1234568022,Milesmouth,India
Kristen Green,pyoung@hotmail.com,1234568023,West John,Iran
Nichole Velez,brenda93@gmail.com,1234568024,Keithberg,Uruguay
Katrina Diaz,amullins@hernandez.info,1234568025,Fishermouth,Samoa
Samantha Callahan,billysmith@yahoo.com,1234568026,Popeberg,Anguilla
Steven Miller,tsummers@yahoo.com,1234568027,North Keith,Papua New Guinea
Barbara Knight,bryan17@hotmail.com,1234568028,Shellyhaven,Georgia
Ruth Young,michelleaustin@gmail.com,1234568029,North Mallorytown,United States Minor Outlying Islands
Brett Henderson,zturner@matthews-clark.com,1234568030,Leeview,Liberia
Ryan Hernandez,morganhubbard@yahoo.com,1234568031,Stephanieberg,Saint Pierre and Miquelon
Patricia Lowe,tylerbennett@johnston.com,1234568032,North Danafurt,Luxembourg
Luis Stafford,pateltim@edwards.com,1234568033,Lake Robert,Qatar
Austin Shea,christopherhart@davis.com,1234568034,Port Jeffreybury,San Marino
Jessica Mays,david49@donaldson.com,1234568035,North Aaronton,Morocco
Yvonne Miles,fbaker@yahoo.com,1234568036,West Cynthiaview,Aruba
Melissa Frazier,patrickanderson@yahoo.com,1234568037,Lake Amyfort,Afghanistan
Steven Bryant,gbrowning@yahoo.com,1234568038,Lake Paul,Barbados
Jason Robinson,masonzachary@gmail.com,1234568039,Victoriafurt,French Guiana
Dr. Jessica Perez,stephanie05@padilla.net,1234568040,Rojasmouth,Saint Barthelemy
Katie Lang,perezjudith@delacruz.org,1234568041,Lake Anthony,Belgium
Rebecca Buckley,fross@hotmail.com,1234568042,East Marymouth,Malawi
George Wright,hillhannah@brown-carroll.info,1234568043,New Marie,Korea
Kristin Montoya,petersonvictoria@hawkins.org,1234568044,Port Theresa,Guernsey
James Stuart,staceycohen@chen.com,1234568045,South Mariaside,Turks and Caicos Islands
Jordan Mcguire,bradleyhernandez@yahoo.com,1234568046,Taylormouth,Cuba
Stephanie Curry,stokescaroline@gmail.com,1234568047,Port Anna,Kyrgyz Republic
Michael Garcia,brian45@miller.com,1234568048,Emilymouth,Russian Federation
Jennifer White,epage@yahoo.com,1234568049,Port Rebecca,Pitcairn Islands
Robert Brooks,johnnygriffith@gmail.com,1234568050,Lake Sarahside,Finland
Mr. Frederick Harrison,melissawilliams@green.com,1234568051,Darlenehaven,Lebanon
Taylor Browning,oschmidt@hotmail.com,1234568052,Petertown,Spain
Robert Clark,sheilalester@gmail.com,1234568053,Lake Charleshaven,Macao
Eric Lyons,barbara97@hotmail.com,1234568054,Joannahaven,Panama
John Clark,wcunningham@gmail.com,1234568055,New Michael,Svalbard & Jan Mayen Islands
John Delacruz,dhurley@walsh.biz,1234568056,Port Timothy,Monaco
Justin Spencer,michaelsnyder@gmail.com,1234568057,Christopherchester,South Africa
Ashley Larsen,daniellewilliams@stone-moore.com,1234568058,Port Aaronstad,Papua New Guinea
Robert Rodriguez,wellsmark@henderson.net,1234568059,New Kimberlyville,British Virgin Islands
Allison Nguyen,pamela82@butler-wolfe.com,1234568060,Paulashire,Bulgaria
Catherine Short,jeffreymahoney@morales.info,1234568061,Derekberg,Kenya
Henry Robinson,isaac98@gmail.com,1234568062,Port Alicia,China
Victoria Dixon,caseytina@yahoo.com,1234568063,Annhaven,French Polynesia
Jonathon Strickland,ryan10@yahoo.com,1234568064,Bakerton,Dominica
Barbara Rodriguez,smithmichele@moran.com,1234568065,Williamsfurt,Papua New Guinea
Sandra Booker,williamjenkins@gmail.com,1234568066,Matthewport,Uruguay
Sarah Powell,bryan44@yahoo.com,1234568067,Kaylatown,Guyana
Justin Roberson,johnsonrebecca@gmail.com,1234568068,Lake Brittany,Barbados
John Foster,andrew52@sanchez-mullen.info,1234568069,Novakland,Andorra
Robert Pearson,jamie14@yahoo.com,1234568070,New Robertoshire,Niger
Courtney Ray,robert24@montgomery-frazier.com,1234568071,Josephstad,Honduras
Randy Oliver,robbinsmicheal@cox.com,1234568072,Adrianafort,Sudan
Jeffrey Howard,ramirezcaroline@weeks.info,1234568073,New Kylefurt,Saint Martin
Richard Mclaughlin,webbpatrick@hotmail.com,1234568074,Bestbury,Somalia
Katelyn Rhodes,sbrooks@yahoo.com,1234568075,Rothshire,Mauritania
Kimberly Gallagher,derek84@hotmail.com,1234568076,West Steven,Netherlands
Tiffany Brewer,ocruz@yahoo.com,1234568077,New Laura,Mongolia
Walter Owens,barbaraross@knight-brown.org,1234568078,Clarkmouth,Senegal
Jason Bell,williambrown@hotmail.com,1234568079,Taylorfurt,Somalia
Stephen Jones,brandon93@hotmail.com,1234568080,Jonesmouth,Italy
Natasha Owens,xpreston@yahoo.com,1234568081,Bradleyburgh,Tonga
Paige Mendez DVM,hcross@gmail.com,1234568082,New Melissahaven,Slovakia (Slovak Republic)
Adam Grant,xrodgers@gmail.com,1234568083,South Christina,Bangladesh
Eric Jimenez,nelliott@yahoo.com,1234568084,West Robinport,Sweden
Dominique Turner,tracy39@smith-miller.com,1234568085,Rogersborough,Djibouti
Sean Brooks,james06@yahoo.com,1234568086,Phillipsbury,Cyprus
Patrick Henderson,ivelasquez@best-carey.com,1234568087,East Amandaport,Lao People's Democratic Republic
Curtis Winters,rodriguezmadison@herrera.com,1234568088,Davidburgh,Qatar
Anthony Simmons,brittanyellis@davis-scott.com,1234568089,East Sandra,Micronesia
Ashley Powers,probinson@gmail.com,1234568090,West Danny,Pitcairn Islands
David Lopez,ngonzalez@yahoo.com,1234568091,Zacharyfort,Bouvet Island (Bouvetoya)
Sara Johnson,jacobjohnson@ortega-johnson.com,1234568092,Joshualand,Nicaragua
William Walters,jenna96@hotmail.com,1234568093,South Heather,Austria
Dominic Jenkins,edavenport@jenkins-green.com,1234568094,Yvonneside,Svalbard & Jan Mayen Islands
William Cook,wjackson@hotmail.com,1234568095,Jamesbury,Bolivia
Diana Davis,tmckay@hotmail.com,1234568096,Christophertown,Antigua and Barbuda
Sarah Williams,dorseymichael@garcia-smith.com,1234568097,Barbarahaven,United Kingdom
Amy Hill,morenoheather@scott.com,1234568098,Padillaville,Turkmenistan
Michael Maldonado,raymondmyers@trujillo.com,1234568099,Donnatown,Slovakia (Slovak Republic)
Susan Cline,ramirezdavid@cook.org,1234568100,Ericfurt,Lithuania
Ronald Jordan,nhernandez@farmer.org,1234568101,Leonardport,Fiji
Jason Cox,lwoods@bentley.biz,1234568102,West Ricky,Marshall Islands
Joshua Page,robertwiggins@gmail.com,1234568103,East Kyle,Bangladesh
Alexander Scott,amypierce@hotmail.com,1234568104,Matthewfurt,El Salvador
Jennifer Thomas,vrodgers@burns.com,1234568105,East Hunterview,Palau
Phillip Allen,brianwatkins@gmail.com,1234568106,Kelseyfort,Micronesia
Lisa Powers,hamiltonjose@hotmail.com,1234568107,Garnertown,Uzbekistan
Craig Berger,stacymccall@gmail.com,1234568108,Sparksberg,Pitcairn Islands
Jamie Cruz,woodmelissa@hotmail.com,1234568109,Lake Amber,Zambia
Jasmin Sullivan,randalllowery@yahoo.com,1234568110,Ellistown,Equatorial Guinea
William Payne,haileyjohnson@hotmail.com,1234568111,West Adrienneton,Reunion
Madison Stevens,staylor@copeland.info,1234568112,Baldwinfurt,Jersey
Miss Catherine Simon,cjohnson@gmail.com,1234568113,Mindytown,Belgium
Julie Stewart,uthompson@hotmail.com,1234568114,Smithmouth,British Indian Ocean Territory (Chagos Archipelago)
Christopher Mccullough,kcarlson@yahoo.com,1234568115,Port Amandahaven,Jersey
Kevin Collins,smithclinton@goodman-jackson.com,1234568116,Thomaschester,San Marino
Jeffery Zimmerman,michaelbell@miranda-thomas.info,1234568117,West Robertport,Indonesia
Janet Hobbs,hansenkristin@wright-white.net,1234568118,Mcguireton,Australia
Kimberly Jackson,bryansmith@lopez.info,1234568119,New Dorothytown,Azerbaijan
Elijah Baker,barneslatoya@daniels-esparza.com,1234568120,Jeffreybury,Comoros
Casey Brown,joanmartinez@yahoo.com,1234568121,North Andrew,Congo
Kelli Bishop,xmiller@gmail.com,1234568122,Port Jasonview,Jersey
Mark Ward,jason80@osborne.com,1234568123,East Shaun,Macao
Mr. Jamie Rosario,kimberlyjones@moore.info,1234568124,Nicoleshire,Djibouti
Abigail Newman,vlang@sanders-ellis.com,1234568125,Martintown,Sudan
Daniel Powers,kingamber@gmail.com,1234568126,West John,Sierra Leone
Shannon Smith,karenwalton@williams.com,1234568127,Diazchester,Turkey
Shelby Wells,cfox@hotmail.com,1234568128,East Noah,Portugal
Amanda Kramer,kelly09@lopez.biz,1234568129,Kellermouth,Egypt
Paul Waters,kyle55@thomas.org,1234568130,Amandamouth,Fiji
Christopher Lewis,john63@brandt.net,1234568131,Lake Shawn,Swaziland
Mandy Riley,careykevin@yahoo.com,1234568132,West Kimberly,Puerto Rico
Alexis Atkins,john14@yahoo.com,1234568133,East Stevenfort,Micronesia
Jennifer Parrish,nfoster@yahoo.com,1234568134,East Monique,Botswana
Claudia White,johnsonamanda@hotmail.com,1234568135,Ericaburgh,Kuwait
Jeffery Lewis,marytorres@wolfe.biz,1234568136,Angelastad,Dominican Republic
Michael Ellis,rhondabailey@hotmail.com,1234568137,Port Austinview,Kyrgyz Republic
Victoria Camacho,joy49@hotmail.com,1234568138,New Stacey,Russian Federation
Jennifer Ochoa,carmenatkinson@hotmail.com,1234568139,Longside,Puerto Rico
Riley Diaz,awaters@hotmail.com,1234568140,Reneestad,Kuwait
Jennifer Tran,idavis@freeman.org,1234568141,Emilymouth,Switzerland
Jill Sanders,pmeyer@noble.com,1234568142,Williamstad,Isle of Man
Sarah Rojas,sowen@yahoo.com,1234568143,Justinfurt,South Africa
Katherine Mooney,craigrichard@yahoo.com,1234568144,Johnsonport,Senegal
Vincent Duncan,kristi92@gmail.com,1234568145,Moodyville,China
Denise Hall,stephenthompson@yoder-pearson.com,1234568146,East Wyattchester,Mauritius
Calvin Clarke,ambertorres@jordan.biz,1234568147,North Christinetown,Iran
Jacob French,michael67@yahoo.com,1234568148,Crystalborough,Korea
Linda Smith,npadilla@yahoo.com,1234568149,South Deborahville,Armenia
Kathryn Fitzgerald,jenniferodom@gmail.com,1234568150,West Maria,Swaziland
David Donovan,dguzman@hall-gentry.com,1234568151,West Justin,Slovakia (Slovak Republic)
Gabriela Smith,deborah24@long.net,1234568152,Hopkinsport,Solomon Islands
Tara Gregory,timothymiller@flores-ball.biz,1234568153,Andreland,Gambia
Clinton Smith,youngjohn@lewis.info,1234568154,Brandontown,Somalia
Cassandra Cole,mckenziealfred@gmail.com,1234568155,Port Erinberg,Iraq
Robert Myers,hmoore@ortiz.com,1234568156,Ortizfurt,Falkland Islands (Malvinas)
Timothy Simon,april69@vazquez.com,1234568157,New Jennifer,Algeria
Jessica Hopkins,markperez@gmail.com,1234568158,Jamesland,Spain
John Scott,ysandoval@mcgrath.com,1234568159,Port Paulshire,New Zealand
Erika Campbell,davidbarnes@yahoo.com,1234568160,Lake Anthonyland,Croatia
Kristina Vaughan,jennifer30@hotmail.com,1234568161,East Williamberg,Falkland Islands (Malvinas)
Carl Smith,davidandrade@gmail.com,1234568162,Lake Samantha,Algeria
Jordan Warner,sawyerraven@gmail.com,1234568163,New Joehaven,Mexico
Amber Friedman,trevortucker@gmail.com,1234568164,East Amy,Chile
Andrew Farmer,elizabeth45@hotmail.com,1234568165,East Cory,Nicaragua
Carol Petersen,roberthayes@tucker.biz,1234568166,East Jeremyside,Czech Republic
David Collins,nicholasdean@foster-hall.org,1234568167,South Victoriaport,Liechtenstein
Michael Hill,jamesortiz@gmail.com,1234568168,West Amber,Israel
Susan Hughes,efuller@williams-johnson.biz,1234568169,New Julieville,Estonia
Robert Perkins,drangel@gmail.com,1234568170,New Ronaldbury,Greenland
Jennifer Booker,idiaz@hotmail.com,1234568171,Katietown,Malawi
Crystal Rios,xparrish@terry.info,1234568172,Port Richardstad,Bahrain
Louis Gibson,nbrown@hotmail.com,1234568173,East Lisaside,United Arab Emirates
Annette Garcia,donald50@yahoo.com,1234568174,Melissaside,San Marino
Todd Morris,jonathan90@gmail.com,1234568175,New Lisa,Tokelau
Heidi Kennedy DDS,stephaniealexander@yahoo.com,1234568176,Port Heather,Saint Lucia
Kayla Novak,normanlane@gmail.com,1234568177,New Monicastad,Comoros
Terry Becker,nathan91@peterson-rhodes.info,1234568178,Port Colleenside,Chad
Gabriel Dillon,joan36@yahoo.com,1234568179,Morenoview,Malawi
Sarah Cameron,egonzalez@bell.com,1234568180,West Blake,Guyana
Jennifer Crosby,fmiller@yahoo.com,1234568181,Alanton,Russian Federation
Lindsey Roberts,erinkelly@robinson.com,1234568182,Lambertfort,Armenia
Erica Walker,justindillon@yahoo.com,1234568183,Reeseville,Guadeloupe
Wesley Parks,dnoble@gmail.com,1234568184,Angelaside,Mali
Paul Morales,qsmith@hotmail.com,1234568185,Gonzalestown,Vietnam
Michael Johnson,wallacekenneth@jones.com,1234568186,Mooreburgh,Mali
Ryan Mendoza,woodjohn@duncan.com,1234568187,West Kim,Argentina
Carl Jackson,qlopez@valdez.com,1234568188,West Kimberlyborough,Swaziland
Andrew Robinson,pittmanelizabeth@armstrong-shepard.com,1234568189,Jessicaport,Cayman Islands
Marie Mason,heathersanders@gmail.com,1234568190,Port David,Svalbard & Jan Mayen Islands
Tommy Colon,hhuerta@craig-zimmerman.biz,1234568191,Parkerborough,Isle of Man
Howard Frazier,heatherhunter@hotmail.com,1234568192,Wellsland,Tunisia
Jose Lee,russellthomas@thomas-perkins.com,1234568193,East Erikatown,Iran
Nancy Dennis,davidraymond@gmail.com,1234568194,Dominiqueview,Bhutan
Jeremy Pena,kmontgomery@carroll.info,1234568195,Perrytown,New Caledonia
Brandy Ortega,brownrachel@yahoo.com,1234568196,Port Nicoleview,Belgium
Beth Mcguire,lisa66@hotmail.com,1234568197,New Katherine,Paraguay
Mrs. Sarah Weaver,williamcunningham@johnson.com,1234568198,Alvaradochester,Montserrat
Scott Lee,talexander@hotmail.com,1234568199,East Tracystad,United States Minor Outlying Islands
Jennifer Lopez,daltonerika@thompson.info,1234568200,North Emily,Libyan Arab Jamahiriya
Victoria Taylor,sarah34@frank-woodard.com,1234568201,Nelsonton,Ukraine
Patricia Hughes,colleen51@king.com,1234568202,Pennyland,Denmark
David Nelson,laura23@hotmail.com,1234568203,Lake Jane,Macao
Brenda Thomas,alvaradocarolyn@hotmail.com,1234568204,West Nathan,Ecuador
Kristina Kaiser,adamsgrant@hotmail.com,1234568205,Gonzalesview,Marshall Islands
Jacob Miller,kdaniels@gmail.com,1234568206,Maryville,Pakistan
Janice Henson,kellymorgan@collins.com,1234568207,East Loriborough,Wallis and Futuna
Thomas Mendoza,rhuynh@sanchez.org,1234568208,Watsonfort,Andorra
Christine Lewis,natalieconrad@hotmail.com,1234568209,Port Justin,Bahrain
Christopher Guzman,dawn39@leach.com,1234568210,Lake Yvonne,Nepal
Charlene Arroyo,edowns@holmes-adams.org,1234568211,Wilsonstad,Slovenia
William Cameron,lharrell@mcintyre.com,1234568212,Sanchezport,Mexico
Jackie Rodgers,pharris@gmail.com,1234568213,Port Jason,Ghana
Larry Adams,lorimoses@james.com,1234568214,Lake Julieborough,Cuba
Emily Vargas,lklein@gmail.com,1234568215,Aguilarside,Tonga
Matthew Henry,jimmycervantes@singh.com,1234568216,Duranstad,Lesotho
Judith Frye,jermainerodriguez@gmail.com,1234568217,Dickersonmouth,Lithuania
Russell Thompson,moorewilliam@hughes.biz,1234568218,Hallshire,Holy See (Vatican City State)
Miguel Jacobs,morgangeorge@buck.com,1234568219,Marshallbury,Estonia
Deborah Mcgee,haroldburns@dougherty.com,1234568220,New Angelafurt,French Polynesia
Megan Martin,fosterjames@anderson.biz,1234568221,Port Christianberg,Peru
Christopher Lewis,smithlauren@hart.com,1234568222,Tracyborough,Gibraltar
Valerie Miller,heather99@mccullough.com,1234568223,North Rodney,Papua New Guinea
Amy Hahn,wangjason@gmail.com,1234568224,North Tannerville,Serbia
Alyssa Zhang,baileymichelle@lewis.com,1234568225,West Lindseyton,Netherlands
Vincent Bender,lauraharvey@yahoo.com,1234568226,New Christine,Monaco
Katherine Gonzalez,nortonpatrick@martinez.com,1234568227,Munozfort,Tokelau
Michelle Esparza,lauren52@hotmail.com,1234568228,North Amandastad,Burundi
Lisa Hayes,david63@gmail.com,1234568229,New Beverly,Marshall Islands
Ryan Howard,psmith@adams.com,1234568230,New Taylorstad,Myanmar
Terry Torres,bnoble@gmail.com,1234568231,East Virginiashire,Mayotte
Jonathan Scott,kelly30@yahoo.com,1234568232,Williamsborough,Myanmar
Gina Schultz,madison80@hebert.net,1234568233,Kennethville,Bermuda
Shawn Allen Jr.,aramirez@arnold.com,1234568234,Port Bruce,Sri Lanka
Glen Perez,leslie78@howe.com,1234568235,North Joseph,United States Virgin Islands
Julie Mcintyre,dmcintyre@luna.com,1234568236,West Dakotaport,Heard Island and McDonald Islands
Peter Greene,michaeldaugherty@yahoo.com,1234568237,Port Michael,Sri Lanka
Matthew Gardner,wayne40@wilkerson.com,1234568238,Gentryfort,Mozambique
Alexis Castro,harveyralph@wilson.info,1234568239,Lake Jared,Jersey
Tina Silva,jallen@koch-phillips.com,1234568240,Delgadoton,Turks and Caicos Islands
Melissa Moran,kcarroll@gmail.com,1234568241,Lake Tonya,Lebanon
Mr. Hector Miller III,emily63@taylor.com,1234568242,New Cherylton,Ecuador
Michael Reese,vargasdylan@stark-hicks.biz,1234568243,Jaclynfurt,Saint Martin
Bradley Moore,richardbutler@pineda.com,1234568244,Paulaland,Djibouti
Manuel Guzman,dperez@hotmail.com,1234568245,Orrview,Mexico
Mary Winters,evansandrew@walls.com,1234568246,Evanshaven,Bahamas
Scott Oconnell,matthew25@jones-brown.net,1234568247,Natashaville,China
Erika Gray,christopher45@roberts.com,1234568248,Melissaland,Norfolk Island
Michelle Jackson,mbyrd@howard.org,1234568249,South Eric,Armenia
Roberto Martinez,victoriacrane@simmons.com,1234568250,Patriciaville,Mauritius
Joseph Davis,hendricksaustin@gmail.com,1234568251,Carolyntown,Panama
Darren Taylor,davisrebecca@webb.org,1234568252,Lake Kristen,Guinea
Carrie Martin,williamsanthony@gmail.com,1234568253,Hamiltonfurt,Lithuania
Carrie Perez,chelsea23@gillespie-walker.com,1234568254,Kennethland,Hungary
Dylan Ryan,marshallsharon@yahoo.com,1234568255,Port Andreaborough,Faroe Islands
Kurt Greer,burkekathryn@hotmail.com,1234568256,East Stephaniefort,India
Denise Hall,cohenvictoria@yahoo.com,1234568257,Jimmyhaven,Germany
Diane Clark,sydney29@nguyen-jones.biz,1234568258,North Michael,Samoa
Marie Miller,jamie47@olson.com,1234568259,Kendraport,Cape Verde
Kevin Garcia,morenonicole@hotmail.com,1234568260,Port Stacy,Saint Kitts and Nevis
Shannon Santos,lhoward@sanchez-mosley.com,1234568261,Hessshire,Malta
Jacqueline Ballard,ginarojas@smith.com,1234568262,North Jacquelinefurt,Guadeloupe
Rebecca Cruz,pmcknight@yahoo.com,1234568263,Emilymouth,Austria
Julie Shaw,pattersonlisa@wagner-thompson.net,1234568264,Lake Jay,Honduras
Robert Short,guerraedward@irwin.net,1234568265,South John,Switzerland
Justin Donaldson,itaylor@yahoo.com,1234568266,Petersonbury,Syrian Arab Republic
Darrell Khan,anna59@hall.com,1234568267,Austinfort,Montenegro
Anthony Kane,dana95@yahoo.com,1234568268,Port Josephmouth,Congo
Christie Sullivan,chrisrichardson@gmail.com,1234568269,Josephstad,Benin
Susan Patel,broberts@flynn.info,1234568270,New Misty,Senegal
Shawn Gonzales,tjones@yahoo.com,1234568271,Port Martin,Cayman Islands
Tara Duncan,parkscaleb@gmail.com,1234568272,Port Anthonyland,Australia
Tiffany Roth,jbowen@gmail.com,1234568273,South Deborah,Saint Martin
Thomas Garcia,davidvelez@romero-marsh.com,1234568274,Michaelview,Sri Lanka
Kenneth Cohen,jacquelinelee@yahoo.com,1234568275,Robinmouth,Burundi
Pamela Gordon,mandy28@thomas-white.com,1234568276,East Richardburgh,Yemen
Tanya Morales,michellecraig@gmail.com,1234568277,Buckbury,Puerto Rico
Joshua Bass,goodmanmary@lara-bowen.net,1234568278,Christinamouth,Bulgaria
Allison Hawkins,lnash@bates-greene.com,1234568279,Lake Patrick,Bhutan
Adam Anthony,melissaellis@yahoo.com,1234568280,Christinaport,Vanuatu
Eric Vincent,rmoore@singleton-baldwin.com,1234568281,South Christopherberg,Jamaica
Dustin Ramirez,steven64@hotmail.com,1234568282,Ryanhaven,Spain
Anthony Mcknight,martinmichael@rodriguez-hill.org,1234568283,Port Tanya,New Zealand
David Hale,ledwards@hotmail.com,1234568284,Richardburgh,Greece
Mary Baird,hgomez@gmail.com,1234568285,Port Gary,Poland
Suzanne Marquez,nina87@hotmail.com,1234568286,South Katie,Macedonia
Catherine Wilkins,nathanielrogers@yahoo.com,1234568287,Mendezburgh,Australia
Dustin Mendez Jr.,michael14@nunez.net,1234568288,Shanebury,Antigua and Barbuda
Daniel Andrews,joneschristine@gmail.com,1234568289,East Timothy,Micronesia
Heather Ward,doris54@hotmail.com,1234568290,Robertsview,Panama
Jason Parker,johnsimpson@hotmail.com,1234568291,Danielview,Bangladesh
Ashley Gilmore,joshuawatkins@yahoo.com,1234568292,South Taylor,Costa Rica
Heather Thomas,laura69@cohen.com,1234568293,New Michaelview,Turkmenistan
Lisa Duran,christina28@espinoza.com,1234568294,Lake Tyler,Korea
Julie Smith,knightmonica@krueger-hamilton.biz,1234568295,Freemanland,Vanuatu
Mary Mason,gordonpaula@gmail.com,1234568296,Johnport,Bosnia and Herzegovina
Christopher Benson,samanthasummers@hotmail.com,1234568297,Toddchester,Tajikistan
Crystal Miller,jose68@vasquez.org,1234568298,Sheltonton,Cuba
Mark Knight,saratrevino@wagner-hicks.com,1234568299,New Shelby,South Georgia and the South Sandwich Islands
Nancy Ramirez,zvalenzuela@snyder-miller.info,1234568300,New Tammy,Vietnam
Christopher Rogers,mallory64@yahoo.com,1234568301,Lake Aaronstad,Micronesia
Kevin Woodward,graysarah@yahoo.com,1234568302,Lake Karen,Hungary
Steven Brown,katherine84@hodges.com,1234568303,Elliottfort,Cameroon
Harold Burns,gregorynielsen@johnson.com,1234568304,Lake Hannahton,Tonga
James Ramirez,robert54@hall.com,1234568305,Maxwelltown,Canada
Lisa Tucker,sarah27@hotmail.com,1234568306,Port Trevorchester,Jamaica
Melissa Frey,floresricardo@smith.org,1234568307,Erikaberg,Bahamas
Kiara Blankenship MD,grahamvictor@sutton.com,1234568308,Brandimouth,Belarus
James Harrison,sarah23@yahoo.com,1234568309,Dominguezstad,Saint Martin
Andrew Murray,donaldjohnson@yahoo.com,1234568310,North Joseph,Western Sahara
Stephanie Barrett,megan55@ruiz.org,1234568311,East Melissaberg,Cayman Islands
Mary Hart,charles30@miller.com,1234568312,Smithmouth,Slovakia (Slovak Republic)
Dale Johnson,wmedina@hotmail.com,1234568313,New Keithville,Anguilla
Marcus Frazier,kimcurtis@castillo-howe.com,1234568314,West Kevin,Iraq
Ashley Perez,williamslindsey@yahoo.com,1234568315,Elizabethshire,United States Minor Outlying Islands
Maurice Moore,lori14@gmail.com,1234568316,Flowersland,Algeria
Craig Mcdowell,stacey22@campbell-douglas.com,1234568317,Sergiomouth,Timor-Leste
Andrew Wells,jacklutz@hotmail.com,1234568318,Bookerbury,Guadeloupe
Rhonda Norton,crystalnoble@gmail.com,1234568319,South Timothy,Tajikistan
Gabrielle Parks,harrisbrooke@campbell.com,1234568320,Andersenview,Congo
John Hanson,vsanders@gmail.com,1234568321,Kaylafurt,Dominican Republic
Ruth Mckay,patricia65@yahoo.com,1234568322,Cochranshire,Jordan
Corey Wells,swagner@robertson.net,1234568323,East David,Zambia
Melanie Parker,nicole84@hotmail.com,1234568324,Phelpsborough,Uganda
Nicholas Gonzalez,darrell16@mann.com,1234568325,Tamarafurt,Iran
Andrea Cortez,jennifer47@curry.com,1234568326,Garciaberg,Mexico
Cynthia Cooper,russellpriscilla@gmail.com,1234568327,Wrightfurt,Philippines
Ebony Ramos,rachel07@gmail.com,1234568328,North Stephenmouth,Tajikistan
Shane Chang,melanie56@fleming.com,1234568329,Ramosstad,Liechtenstein
Elizabeth Romero,sanchezemily@hotmail.com,1234568330,Port Dianaville,Grenada
Amanda Hicks,ryan06@hudson.org,1234568331,New Melindamouth,Bermuda
Heather Melendez,teresacowan@hotmail.com,1234568332,West Angelaview,Gabon
Vincent Cummings,daviskyle@hotmail.com,1234568333,Stacymouth,Monaco
Benjamin Medina,castillocarl@gross.org,1234568334,Larrychester,Mali
Alexis Frye,antoniowilkerson@hotmail.com,1234568335,Jenniferberg,Gibraltar
Michael Park,gjacobs@gmail.com,1234568336,East Robert,Zimbabwe
Emily Wilkerson,jchaney@yahoo.com,1234568337,Parkerside,Zimbabwe
Brandon Hall,michaeljohnson@gmail.com,1234568338,North Ronniestad,Puerto Rico
Linda Reid,hartwendy@sanchez.info,1234568339,Frenchburgh,New Zealand
Shari Schmidt,ccook@scott.com,1234568340,Lake Edward,Slovenia
Travis Harper,vbryant@hotmail.com,1234568341,West Brendachester,Pitcairn Islands
Jacqueline Owens,tiffanyharrison@lopez-webb.com,1234568342,Lake Cynthia,Angola
Joseph Roth,regina79@wilson.biz,1234568343,Matthewstad,Nepal
April Anderson,calexander@yahoo.com,1234568344,Micheleborough,Guyana
Rodney Young,eblankenship@gmail.com,1234568345,New Shannon,Palestinian Territory
Stacy Mendoza,mccarthycathy@gmail.com,1234568346,Pamelaland,New Zealand
Kim Turner,jennifer45@weiss-perry.com,1234568347,South Rachelview,Cambodia
Yvonne Martin,alyssanash@perez-luna.net,1234568348,West Amanda,Cuba
Veronica Lee,joseph12@villegas-french.biz,1234568349,East Jessicafurt,Heard Island and McDonald Islands
Jasmine Garner,dukebrandon@hotmail.com,1234568350,North Kimberlyland,Croatia
Crystal Pierce,webbteresa@gutierrez-garcia.com,1234568351,Port Davidhaven,Denmark
James Brewer,ebrown@ewing-warner.com,1234568352,Chandlerberg,Mongolia
Brandon Dunn,martinezdarren@hotmail.com,1234568353,East Lindsey,Saint Kitts and Nevis
Rebecca Baldwin,hroth@hotmail.com,1234568354,East Stephen,Macedonia
Vanessa Kennedy,dustin35@davenport.org,1234568355,Ryanville,Afghanistan
Mrs. Emily Williams,areynolds@herring.info,1234568356,East Antonioton,Cook Islands
Anna Green,tony39@hotmail.com,1234568357,East Jennifertown,New Caledonia
David Hart,stokesrebecca@gmail.com,1234568358,Thompsonfurt,Canada
Kimberly Vega,psmith@yahoo.com,1234568359,Daniellestad,Svalbard & Jan Mayen Islands
Mary Vasquez DDS,kmullins@crawford.com,1234568360,Lake Melissa,Turkey
Sandra Davis,johnsongeorge@gmail.com,1234568361,Tiffanyland,Netherlands
Holly Pratt,schultznathan@yahoo.com,1234568362,Lake Thomas,Italy
Carolyn Tate,erinmeyer@sellers.org,1234568363,East Melanie,Saint Vincent and the Grenadines
Anthony Young,rogersbill@gmail.com,1234568364,East Chelsea,Cook Islands
Joseph Boyd,dawnmartin@hotmail.com,1234568365,Derekview,Mauritania
Stephanie Martinez,robertomoore@lee-kemp.net,1234568366,Aprilshire,Zimbabwe
Jonathan Hampton,wcobb@morales-sherman.com,1234568367,Byrdville,Slovakia (Slovak Republic)
Spencer Rivera,candiceclayton@gmail.com,1234568368,Joshuabury,Grenada
Stephanie Martinez,lbrown@potts.com,1234568369,Jessicamouth,Singapore
Jennifer Pacheco,kendrashelton@robertson.com,1234568370,Lake Stephen,Pakistan
William Hunt,dannygreen@gmail.com,1234568371,North Josehaven,American Samoa
Mark Ross,maria69@gmail.com,1234568372,New David,Luxembourg
Carolyn Berry,mitchelljesus@jones-bartlett.com,1234568373,Lake Ericchester,Tunisia
Christine Burton,hawkinstiffany@hotmail.com,1234568374,Richardsonbury,Latvia
Andrew Figueroa,john28@gmail.com,1234568375,New Veronicaside,Macedonia
Melanie Kelly,eric02@johnson.com,1234568376,East Karenmouth,Ukraine
Valerie Barnes,garciazachary@hotmail.com,1234568377,North Vickistad,Egypt
Gerald Miranda,gregsmith@hotmail.com,1234568378,North Brian,Heard Island and McDonald Islands
Jennifer Dominguez,pcompton@gmail.com,1234568379,Susanland,Jamaica
Brittany Young,christopher21@young.com,1234568380,Thomasbury,Saint Kitts and Nevis
Timothy Moore,jasongutierrez@gmail.com,1234568381,Vincentburgh,El Salvador
Tara Austin,millerandre@hayes.org,1234568382,Lake Hunterstad,Haiti
Lauren Andrews,lhorton@silva-marshall.com,1234568383,South Joshualand,Tokelau
Michelle Guzman,lstanley@yahoo.com,1234568384,Ericaton,Suriname
Patrick Rivera,donaldmadden@hotmail.com,1234568385,Lake Elizabethborough,Comoros
Michelle Myers,patricia02@vega-callahan.com,1234568386,Davidview,Netherlands Antilles
Shane Klein,murphytheodore@rodriguez-lopez.biz,1234568387,West Billymouth,Cote d'Ivoire
Brianna Fischer,jessicacoleman@yahoo.com,1234568388,Angelatown,Gibraltar
Melissa Curtis,suzannemartinez@gmail.com,1234568389,Ashleyport,Monaco
James York,maydavid@maldonado.org,1234568390,Port Angela,Moldova
